canonical_partId,internalPartNumber,static_sku_match,match_method,match_result,name_production,name_static,name_parity,unit_production,unit_static_raw,unit_static_normalized,unit_parity,mismatch_or_ambiguity_reason
TST-1001,NOT_EXPOSED_IN_SOURCE,TST-1001,EXACT_STRING(partId==sku),MATCHED,Hex Coupler,Hex Coupler,MATCH,EACH,ea,EACH,MATCH,
TST-1002,NOT_EXPOSED_IN_SOURCE,TST-1002,EXACT_STRING(partId==sku),MATCHED,Tune-Up Kit — Deluxe - 3 Ton,Tune-Up Kit — Deluxe - 3 Ton,MATCH,KIT,kit,KIT,MATCH,
TST-1003,NOT_EXPOSED_IN_SOURCE,TST-1003,EXACT_STRING(partId==sku),MATCHED,Freezer Cylinder - Compact,Freezer Cylinder - Compact,MATCH,EACH,ea,EACH,MATCH,
TST-1004,NOT_EXPOSED_IN_SOURCE,TST-1004,EXACT_STRING(partId==sku),MATCHED,Hopper Agitator - Single Flavor,Hopper Agitator - Single Flavor,MATCH,EACH,ea,EACH,MATCH,
TST-1005,NOT_EXPOSED_IN_SOURCE,TST-1005,EXACT_STRING(partId==sku),MATCHED,Syrup Pump - Floor Model,Syrup Pump - Floor Model,MATCH,EACH,ea,EACH,MATCH,
TST-1006,NOT_EXPOSED_IN_SOURCE,TST-1006,EXACT_STRING(partId==sku),MATCHED,Auger Shaft - Gen II,Auger Shaft - Gen II,MATCH,EACH,ea,EACH,MATCH,
TST-1007,NOT_EXPOSED_IN_SOURCE,TST-1007,EXACT_STRING(partId==sku),MATCHED,Door Gasket - HD,Door Gasket - HD,MATCH,EACH,ea,EACH,MATCH,
TST-1008,NOT_EXPOSED_IN_SOURCE,TST-1008,EXACT_STRING(partId==sku),MATCHED,Sanitizer Solution 32oz - Countertop,Sanitizer Solution 32oz - Countertop,MATCH,BOTTLE,bottle,BOTTLE,MATCH,
TST-1009,NOT_EXPOSED_IN_SOURCE,TST-1009,EXACT_STRING(partId==sku),MATCHED,Beater Assembly,Beater Assembly,MATCH,EACH,ea,EACH,MATCH,
TST-1010,NOT_EXPOSED_IN_SOURCE,TST-1010,EXACT_STRING(partId==sku),MATCHED,Drive Belt - Gen II,Drive Belt - Gen II,MATCH,EACH,ea,EACH,MATCH,
TST-1011,NOT_EXPOSED_IN_SOURCE,TST-1011,EXACT_STRING(partId==sku),MATCHED,Mix Pump Tube - Floor Model,Mix Pump Tube - Floor Model,MATCH,EACH,ea,EACH,MATCH,
TST-1012,NOT_EXPOSED_IN_SOURCE,TST-1012,EXACT_STRING(partId==sku),MATCHED,Brush Kit — Large - Twin Twist,Brush Kit — Large - Twin Twist,MATCH,KIT,kit,KIT,MATCH,
TST-1013,NOT_EXPOSED_IN_SOURCE,TST-1013,EXACT_STRING(partId==sku),MATCHED,Thermistor Sensor - Compact,Thermistor Sensor - Compact,MATCH,EACH,ea,EACH,MATCH,
TST-1014,NOT_EXPOSED_IN_SOURCE,TST-1014,EXACT_STRING(partId==sku),MATCHED,Door Gasket - Floor Model,Door Gasket - Floor Model,MATCH,EACH,ea,EACH,MATCH,
TST-1015,NOT_EXPOSED_IN_SOURCE,TST-1015,EXACT_STRING(partId==sku),MATCHED,Condenser Fan Motor - HD,Condenser Fan Motor - HD,MATCH,EACH,ea,EACH,MATCH,
TST-1016,NOT_EXPOSED_IN_SOURCE,TST-1016,EXACT_STRING(partId==sku),MATCHED,Expansion Valve - Twin Twist,Expansion Valve - Twin Twist,MATCH,EACH,ea,EACH,MATCH,
TST-1017,NOT_EXPOSED_IN_SOURCE,TST-1017,EXACT_STRING(partId==sku),MATCHED,Brush Kit — Small - Gen II,Brush Kit — Small - Gen II,MATCH,KIT,kit,KIT,MATCH,
TST-1018,NOT_EXPOSED_IN_SOURCE,TST-1018,EXACT_STRING(partId==sku),MATCHED,Consistency Control Knob - 3 Ton,Consistency Control Knob - 3 Ton,MATCH,EACH,ea,EACH,MATCH,
TST-1019,NOT_EXPOSED_IN_SOURCE,TST-1019,EXACT_STRING(partId==sku),MATCHED,Syrup Pump - Pro Series,Syrup Pump - Pro Series,MATCH,EACH,ea,EACH,MATCH,
TST-1020,NOT_EXPOSED_IN_SOURCE,TST-1020,EXACT_STRING(partId==sku),MATCHED,Expansion Valve - Compact,Expansion Valve - Compact,MATCH,EACH,ea,EACH,MATCH,
TST-1021,NOT_EXPOSED_IN_SOURCE,TST-1021,EXACT_STRING(partId==sku),MATCHED,Tune-Up Kit — Deluxe - Countertop,Tune-Up Kit — Deluxe - Countertop,MATCH,KIT,kit,KIT,MATCH,
TST-1022,NOT_EXPOSED_IN_SOURCE,TST-1022,EXACT_STRING(partId==sku),MATCHED,Beater Motor - HD,Beater Motor - HD,MATCH,EACH,ea,EACH,MATCH,
TST-1023,NOT_EXPOSED_IN_SOURCE,TST-1023,EXACT_STRING(partId==sku),MATCHED,Draw Handle - Twin Twist,Draw Handle - Twin Twist,MATCH,EACH,ea,EACH,MATCH,
TST-1024,NOT_EXPOSED_IN_SOURCE,TST-1024,EXACT_STRING(partId==sku),MATCHED,Draw Handle - Pro Series,Draw Handle - Pro Series,MATCH,EACH,ea,EACH,MATCH,
TST-1025,NOT_EXPOSED_IN_SOURCE,TST-1025,EXACT_STRING(partId==sku),MATCHED,Tune-Up Kit — Standard,Tune-Up Kit — Standard,MATCH,KIT,kit,KIT,MATCH,
TST-1026,NOT_EXPOSED_IN_SOURCE,TST-1026,EXACT_STRING(partId==sku),MATCHED,Relay Switch - Single Flavor,Relay Switch - Single Flavor,MATCH,EACH,ea,EACH,MATCH,
TST-1027,NOT_EXPOSED_IN_SOURCE,TST-1027,EXACT_STRING(partId==sku),MATCHED,Tune-Up Kit — Deluxe - Twin Twist,Tune-Up Kit — Deluxe - Twin Twist,MATCH,KIT,kit,KIT,MATCH,
TST-1028,NOT_EXPOSED_IN_SOURCE,TST-1028,EXACT_STRING(partId==sku),MATCHED,Brush Kit — Large - Gen II,Brush Kit — Large - Gen II,MATCH,KIT,kit,KIT,MATCH,
TST-1029,NOT_EXPOSED_IN_SOURCE,TST-1029,EXACT_STRING(partId==sku),MATCHED,Relay Switch - Gen II,Relay Switch - Gen II,MATCH,EACH,ea,EACH,MATCH,
TST-1030,NOT_EXPOSED_IN_SOURCE,TST-1030,EXACT_STRING(partId==sku),MATCHED,Drip Tray - 3 Ton,Drip Tray - 3 Ton,MATCH,EACH,ea,EACH,MATCH,
TST-1031,NOT_EXPOSED_IN_SOURCE,TST-1031,EXACT_STRING(partId==sku),MATCHED,Freezer Cylinder - Pro Series,Freezer Cylinder - Pro Series,MATCH,EACH,ea,EACH,MATCH,
TST-1032,NOT_EXPOSED_IN_SOURCE,TST-1032,EXACT_STRING(partId==sku),MATCHED,Freezer Cylinder - 3 Ton,Freezer Cylinder - 3 Ton,MATCH,EACH,ea,EACH,MATCH,
TST-1033,NOT_EXPOSED_IN_SOURCE,TST-1033,EXACT_STRING(partId==sku),MATCHED,Evaporator Barrel - Countertop,Evaporator Barrel - Countertop,MATCH,EACH,ea,EACH,MATCH,
TST-1034,NOT_EXPOSED_IN_SOURCE,TST-1034,EXACT_STRING(partId==sku),MATCHED,Evaporator Barrel - HD,Evaporator Barrel - HD,MATCH,EACH,ea,EACH,MATCH,
TST-1035,NOT_EXPOSED_IN_SOURCE,TST-1035,EXACT_STRING(partId==sku),MATCHED,Air Valve Assembly - Gen II,Air Valve Assembly - Gen II,MATCH,EACH,ea,EACH,MATCH,
TST-1036,NOT_EXPOSED_IN_SOURCE,TST-1036,EXACT_STRING(partId==sku),MATCHED,O-Ring Kit - Gen II,O-Ring Kit - Gen II,MATCH,KIT,kit,KIT,MATCH,
TST-1037,NOT_EXPOSED_IN_SOURCE,TST-1037,EXACT_STRING(partId==sku),MATCHED,Compressor 1.5 HP - Single Flavor,Compressor 1.5 HP - Single Flavor,MATCH,EACH,ea,EACH,MATCH,
TST-1038,NOT_EXPOSED_IN_SOURCE,TST-1038,EXACT_STRING(partId==sku),MATCHED,Splash Panel - Single Flavor,Splash Panel - Single Flavor,MATCH,EACH,ea,EACH,MATCH,
TST-1039,NOT_EXPOSED_IN_SOURCE,TST-1039,EXACT_STRING(partId==sku),MATCHED,O-Ring Kit - Compact,O-Ring Kit - Compact,MATCH,KIT,kit,KIT,MATCH,
TST-1040,NOT_EXPOSED_IN_SOURCE,TST-1040,EXACT_STRING(partId==sku),MATCHED,Hopper Agitator - HD,Hopper Agitator - HD,MATCH,EACH,ea,EACH,MATCH,
TST-1041,NOT_EXPOSED_IN_SOURCE,TST-1041,EXACT_STRING(partId==sku),MATCHED,Mix Pump Assembly,Mix Pump Assembly,MATCH,EACH,ea,EACH,MATCH,
TST-1042,NOT_EXPOSED_IN_SOURCE,TST-1042,EXACT_STRING(partId==sku),MATCHED,Syrup Pump - Compact,Syrup Pump - Compact,MATCH,EACH,ea,EACH,MATCH,
TST-1043,NOT_EXPOSED_IN_SOURCE,TST-1043,EXACT_STRING(partId==sku),MATCHED,Condenser Fan Motor,Condenser Fan Motor,MATCH,EACH,ea,EACH,MATCH,
TST-1044,NOT_EXPOSED_IN_SOURCE,TST-1044,EXACT_STRING(partId==sku),MATCHED,O-Ring Kit,O-Ring Kit,MATCH,KIT,kit,KIT,MATCH,
TST-1045,NOT_EXPOSED_IN_SOURCE,TST-1045,EXACT_STRING(partId==sku),MATCHED,Auger Shaft - Twin Twist,Auger Shaft - Twin Twist,MATCH,EACH,ea,EACH,MATCH,
TST-1046,NOT_EXPOSED_IN_SOURCE,TST-1046,EXACT_STRING(partId==sku),MATCHED,Hex Coupler - Pro Series,Hex Coupler - Pro Series,MATCH,EACH,ea,EACH,MATCH,
TST-1048,NOT_EXPOSED_IN_SOURCE,TST-1048,EXACT_STRING(partId==sku),MATCHED,Power Supply Board - Single Flavor,Power Supply Board - Single Flavor,MATCH,EACH,ea,EACH,MATCH,
TST-1049,NOT_EXPOSED_IN_SOURCE,TST-1049,EXACT_STRING(partId==sku),MATCHED,Splash Panel - Floor Model,Splash Panel - Floor Model,MATCH,EACH,ea,EACH,MATCH,
TST-1050,NOT_EXPOSED_IN_SOURCE,TST-1050,EXACT_STRING(partId==sku),MATCHED,Cleaning Cartridge - Pro Series,Cleaning Cartridge - Pro Series,MATCH,EACH,ea,EACH,MATCH,
TST-1051,NOT_EXPOSED_IN_SOURCE,TST-1051,EXACT_STRING(partId==sku),MATCHED,Air Valve Assembly - 3 Ton,Air Valve Assembly - 3 Ton,MATCH,EACH,ea,EACH,MATCH,
TST-1052,NOT_EXPOSED_IN_SOURCE,TST-1052,EXACT_STRING(partId==sku),MATCHED,Cleaning Cartridge - Compact,Cleaning Cartridge - Compact,MATCH,EACH,ea,EACH,MATCH,
TST-1053,NOT_EXPOSED_IN_SOURCE,TST-1053,EXACT_STRING(partId==sku),MATCHED,Drive Motor 1/4 HP - Countertop,Drive Motor 1/4 HP - Countertop,MATCH,EACH,ea,EACH,MATCH,
TST-1054,NOT_EXPOSED_IN_SOURCE,TST-1054,EXACT_STRING(partId==sku),MATCHED,Thermistor Sensor - Countertop,Thermistor Sensor - Countertop,MATCH,EACH,ea,EACH,MATCH,
TST-1055,NOT_EXPOSED_IN_SOURCE,TST-1055,EXACT_STRING(partId==sku),MATCHED,Draw Handle - HD,Draw Handle - HD,MATCH,EACH,ea,EACH,MATCH,
TST-1056,NOT_EXPOSED_IN_SOURCE,TST-1056,EXACT_STRING(partId==sku),MATCHED,Syrup Pump - Countertop,Syrup Pump - Countertop,MATCH,EACH,ea,EACH,MATCH,
TST-1057,NOT_EXPOSED_IN_SOURCE,TST-1057,EXACT_STRING(partId==sku),MATCHED,Sanitizer Solution 32oz - Gen II,Sanitizer Solution 32oz - Gen II,MATCH,BOTTLE,bottle,BOTTLE,MATCH,
TST-1058,NOT_EXPOSED_IN_SOURCE,TST-1058,EXACT_STRING(partId==sku),MATCHED,Tune-Up Kit — Deluxe,Tune-Up Kit — Deluxe,MATCH,KIT,kit,KIT,MATCH,
TST-1059,NOT_EXPOSED_IN_SOURCE,TST-1059,EXACT_STRING(partId==sku),MATCHED,Drive Motor 1/4 HP,Drive Motor 1/4 HP,MATCH,EACH,ea,EACH,MATCH,
TST-1060,NOT_EXPOSED_IN_SOURCE,TST-1060,EXACT_STRING(partId==sku),MATCHED,Condenser Fan Motor - Single Flavor,Condenser Fan Motor - Single Flavor,MATCH,EACH,ea,EACH,MATCH,
TST-1061,NOT_EXPOSED_IN_SOURCE,TST-1061,EXACT_STRING(partId==sku),MATCHED,Cleaning Cartridge - Twin Twist,Cleaning Cartridge - Twin Twist,MATCH,EACH,ea,EACH,MATCH,
TST-1062,NOT_EXPOSED_IN_SOURCE,TST-1062,EXACT_STRING(partId==sku),MATCHED,Hopper Agitator,Hopper Agitator,MATCH,EACH,ea,EACH,MATCH,
TST-1063,NOT_EXPOSED_IN_SOURCE,TST-1063,EXACT_STRING(partId==sku),MATCHED,Thermistor Sensor - Twin Twist,Thermistor Sensor - Twin Twist,MATCH,EACH,ea,EACH,MATCH,
TST-1064,NOT_EXPOSED_IN_SOURCE,TST-1064,EXACT_STRING(partId==sku),MATCHED,Freezer Cylinder - Single Flavor,Freezer Cylinder - Single Flavor,MATCH,EACH,ea,EACH,MATCH,
TST-1065,NOT_EXPOSED_IN_SOURCE,TST-1065,EXACT_STRING(partId==sku),MATCHED,Freezer Cylinder,Freezer Cylinder,MATCH,EACH,ea,EACH,MATCH,
TST-1066,NOT_EXPOSED_IN_SOURCE,TST-1066,EXACT_STRING(partId==sku),MATCHED,Thermistor Sensor - Floor Model,Thermistor Sensor - Floor Model,MATCH,EACH,ea,EACH,MATCH,
TST-1067,NOT_EXPOSED_IN_SOURCE,TST-1067,EXACT_STRING(partId==sku),MATCHED,Blade Assembly Kit - 3 Ton,Blade Assembly Kit - 3 Ton,MATCH,KIT,kit,KIT,MATCH,
TST-1068,NOT_EXPOSED_IN_SOURCE,TST-1068,EXACT_STRING(partId==sku),MATCHED,Door Gasket - 3 Ton,Door Gasket - 3 Ton,MATCH,EACH,ea,EACH,MATCH,
TST-1069,NOT_EXPOSED_IN_SOURCE,TST-1069,EXACT_STRING(partId==sku),MATCHED,Brush Kit — Large - Compact,Brush Kit — Large - Compact,MATCH,KIT,kit,KIT,MATCH,
TST-1071,NOT_EXPOSED_IN_SOURCE,TST-1071,EXACT_STRING(partId==sku),MATCHED,Mix Pump Tube - Gen II,Mix Pump Tube - Gen II,MATCH,EACH,ea,EACH,MATCH,
TST-1072,NOT_EXPOSED_IN_SOURCE,TST-1072,EXACT_STRING(partId==sku),MATCHED,Hex Coupler - Countertop,Hex Coupler - Countertop,MATCH,EACH,ea,EACH,MATCH,
TST-1073,NOT_EXPOSED_IN_SOURCE,TST-1073,EXACT_STRING(partId==sku),MATCHED,Control Board - Compact,Control Board - Compact,MATCH,EACH,ea,EACH,MATCH,
TST-1075,NOT_EXPOSED_IN_SOURCE,TST-1075,EXACT_STRING(partId==sku),MATCHED,Splash Panel - HD,Splash Panel - HD,MATCH,EACH,ea,EACH,MATCH,
TST-1076,NOT_EXPOSED_IN_SOURCE,TST-1076,EXACT_STRING(partId==sku),MATCHED,Auger Shaft - Countertop,Auger Shaft - Countertop,MATCH,EACH,ea,EACH,MATCH,
TST-1077,NOT_EXPOSED_IN_SOURCE,TST-1077,EXACT_STRING(partId==sku),MATCHED,Drive Motor 1/2 HP,Drive Motor 1/2 HP,MATCH,EACH,ea,EACH,MATCH,
TST-1078,NOT_EXPOSED_IN_SOURCE,TST-1078,EXACT_STRING(partId==sku),MATCHED,Splash Panel - Gen II,Splash Panel - Gen II,MATCH,EACH,ea,EACH,MATCH,
TST-1079,NOT_EXPOSED_IN_SOURCE,TST-1079,EXACT_STRING(partId==sku),MATCHED,Consistency Control Knob - Gen II,Consistency Control Knob - Gen II,MATCH,EACH,ea,EACH,MATCH,
TST-1081,NOT_EXPOSED_IN_SOURCE,TST-1081,EXACT_STRING(partId==sku),MATCHED,Evaporator Barrel - 3 Ton,Evaporator Barrel - 3 Ton,MATCH,EACH,ea,EACH,MATCH,
TST-1082,NOT_EXPOSED_IN_SOURCE,TST-1082,EXACT_STRING(partId==sku),MATCHED,Sanitizer Solution 32oz - Pro Series,Sanitizer Solution 32oz - Pro Series,MATCH,BOTTLE,bottle,BOTTLE,MATCH,
TST-1083,NOT_EXPOSED_IN_SOURCE,TST-1083,EXACT_STRING(partId==sku),MATCHED,Drip Tray - Twin Twist,Drip Tray - Twin Twist,MATCH,EACH,ea,EACH,MATCH,
TST-1084,NOT_EXPOSED_IN_SOURCE,TST-1084,EXACT_STRING(partId==sku),MATCHED,Consistency Control Knob - Single Flavor,Consistency Control Knob - Single Flavor,MATCH,EACH,ea,EACH,MATCH,
TST-1085,NOT_EXPOSED_IN_SOURCE,TST-1085,EXACT_STRING(partId==sku),MATCHED,Power Supply Board - Compact,Power Supply Board - Compact,MATCH,EACH,ea,EACH,MATCH,
TST-1086,NOT_EXPOSED_IN_SOURCE,TST-1086,EXACT_STRING(partId==sku),MATCHED,Condenser Fan Motor - 3 Ton,Condenser Fan Motor - 3 Ton,MATCH,EACH,ea,EACH,MATCH,
TST-1087,NOT_EXPOSED_IN_SOURCE,TST-1087,EXACT_STRING(partId==sku),MATCHED,O-Ring Kit - Single Flavor,O-Ring Kit - Single Flavor,MATCH,KIT,kit,KIT,MATCH,
TST-1088,NOT_EXPOSED_IN_SOURCE,TST-1088,EXACT_STRING(partId==sku),MATCHED,Lubricant Tube 4oz - Gen II,Lubricant Tube 4oz - Gen II,MATCH,TUBE,tube,TUBE,MATCH,
TST-1089,NOT_EXPOSED_IN_SOURCE,TST-1089,EXACT_STRING(partId==sku),MATCHED,Hopper Agitator - Compact,Hopper Agitator - Compact,MATCH,EACH,ea,EACH,MATCH,
TST-1090,NOT_EXPOSED_IN_SOURCE,TST-1090,EXACT_STRING(partId==sku),MATCHED,Thermistor Sensor - Gen II,Thermistor Sensor - Gen II,MATCH,EACH,ea,EACH,MATCH,
TST-1091,NOT_EXPOSED_IN_SOURCE,TST-1091,EXACT_STRING(partId==sku),MATCHED,Drive Motor 1/4 HP - Pro Series,Drive Motor 1/4 HP - Pro Series,MATCH,EACH,ea,EACH,MATCH,
TST-1092,NOT_EXPOSED_IN_SOURCE,TST-1092,EXACT_STRING(partId==sku),MATCHED,Drive Motor 1/4 HP - HD,Drive Motor 1/4 HP - HD,MATCH,EACH,ea,EACH,MATCH,
TST-1093,NOT_EXPOSED_IN_SOURCE,TST-1093,EXACT_STRING(partId==sku),MATCHED,Wiring Harness - Gen II,Wiring Harness - Gen II,MATCH,EACH,ea,EACH,MATCH,
TST-1094,NOT_EXPOSED_IN_SOURCE,TST-1094,EXACT_STRING(partId==sku),MATCHED,Auger Shaft - HD,Auger Shaft - HD,MATCH,EACH,ea,EACH,MATCH,
TST-1095,NOT_EXPOSED_IN_SOURCE,TST-1095,EXACT_STRING(partId==sku),MATCHED,Blade Assembly Kit - Single Flavor,Blade Assembly Kit - Single Flavor,MATCH,KIT,kit,KIT,MATCH,
TST-1096,NOT_EXPOSED_IN_SOURCE,TST-1096,EXACT_STRING(partId==sku),MATCHED,Expansion Valve - Floor Model,Expansion Valve - Floor Model,MATCH,EACH,ea,EACH,MATCH,
TST-1097,NOT_EXPOSED_IN_SOURCE,TST-1097,EXACT_STRING(partId==sku),MATCHED,Beater Motor - Countertop,Beater Motor - Countertop,MATCH,EACH,ea,EACH,MATCH,
TST-1098,NOT_EXPOSED_IN_SOURCE,TST-1098,EXACT_STRING(partId==sku),MATCHED,Hopper Lid - Single Flavor,Hopper Lid - Single Flavor,MATCH,EACH,ea,EACH,MATCH,
TST-1099,NOT_EXPOSED_IN_SOURCE,TST-1099,EXACT_STRING(partId==sku),MATCHED,Drive Belt - Countertop,Drive Belt - Countertop,MATCH,EACH,ea,EACH,MATCH,
TST-1100,NOT_EXPOSED_IN_SOURCE,TST-1100,EXACT_STRING(partId==sku),MATCHED,Air Valve Assembly - Compact,Air Valve Assembly - Compact,MATCH,EACH,ea,EACH,MATCH,
TST-1101,NOT_EXPOSED_IN_SOURCE,TST-1101,EXACT_STRING(partId==sku),MATCHED,Scraper Blade - Gen II,Scraper Blade - Gen II,MATCH,EACH,ea,EACH,MATCH,
TST-1102,NOT_EXPOSED_IN_SOURCE,TST-1102,EXACT_STRING(partId==sku),MATCHED,Drive Motor 1/2 HP - Gen II,Drive Motor 1/2 HP - Gen II,MATCH,EACH,ea,EACH,MATCH,
TST-1103,NOT_EXPOSED_IN_SOURCE,TST-1103,EXACT_STRING(partId==sku),MATCHED,Front Panel Assembly - HD,Front Panel Assembly - HD,MATCH,EACH,ea,EACH,MATCH,
TST-1104,NOT_EXPOSED_IN_SOURCE,TST-1104,EXACT_STRING(partId==sku),MATCHED,Thermistor Sensor - HD,Thermistor Sensor - HD,MATCH,EACH,ea,EACH,MATCH,
TST-1105,NOT_EXPOSED_IN_SOURCE,TST-1105,EXACT_STRING(partId==sku),MATCHED,Wiring Harness,Wiring Harness,MATCH,EACH,ea,EACH,MATCH,
TST-1106,NOT_EXPOSED_IN_SOURCE,TST-1106,EXACT_STRING(partId==sku),MATCHED,Air Valve Assembly - Countertop,Air Valve Assembly - Countertop,MATCH,EACH,ea,EACH,MATCH,
TST-1107,NOT_EXPOSED_IN_SOURCE,TST-1107,EXACT_STRING(partId==sku),MATCHED,Tune-Up Kit — Standard - Single Flavor,Tune-Up Kit — Standard - Single Flavor,MATCH,KIT,kit,KIT,MATCH,
TST-1108,NOT_EXPOSED_IN_SOURCE,TST-1108,EXACT_STRING(partId==sku),MATCHED,Consistency Control Knob - HD,Consistency Control Knob - HD,MATCH,EACH,ea,EACH,MATCH,
TST-1109,NOT_EXPOSED_IN_SOURCE,TST-1109,EXACT_STRING(partId==sku),MATCHED,Brush Kit — Small - Floor Model,Brush Kit — Small - Floor Model,MATCH,KIT,kit,KIT,MATCH,
TST-1110,NOT_EXPOSED_IN_SOURCE,TST-1110,EXACT_STRING(partId==sku),MATCHED,Wiring Harness - Floor Model,Wiring Harness - Floor Model,MATCH,EACH,ea,EACH,MATCH,
TST-1111,NOT_EXPOSED_IN_SOURCE,TST-1111,EXACT_STRING(partId==sku),MATCHED,Hex Coupler - Single Flavor,Hex Coupler - Single Flavor,MATCH,EACH,ea,EACH,MATCH,
TST-1113,NOT_EXPOSED_IN_SOURCE,TST-1113,EXACT_STRING(partId==sku),MATCHED,Drive Belt - Single Flavor,Drive Belt - Single Flavor,MATCH,EACH,ea,EACH,MATCH,
TST-1114,NOT_EXPOSED_IN_SOURCE,TST-1114,EXACT_STRING(partId==sku),MATCHED,Thermistor Sensor,Thermistor Sensor,MATCH,EACH,ea,EACH,MATCH,
TST-1115,NOT_EXPOSED_IN_SOURCE,TST-1115,EXACT_STRING(partId==sku),MATCHED,Scraper Blade - Pro Series,Scraper Blade - Pro Series,MATCH,EACH,ea,EACH,MATCH,
TST-1116,NOT_EXPOSED_IN_SOURCE,TST-1116,EXACT_STRING(partId==sku),MATCHED,O-Ring Kit - Countertop,O-Ring Kit - Countertop,MATCH,KIT,kit,KIT,MATCH,
TST-1117,NOT_EXPOSED_IN_SOURCE,TST-1117,EXACT_STRING(partId==sku),MATCHED,Lubricant Tube 4oz,Lubricant Tube 4oz,MATCH,TUBE,tube,TUBE,MATCH,
TST-1118,NOT_EXPOSED_IN_SOURCE,TST-1118,EXACT_STRING(partId==sku),MATCHED,Brush Kit — Large - Pro Series,Brush Kit — Large - Pro Series,MATCH,KIT,kit,KIT,MATCH,
TST-1119,NOT_EXPOSED_IN_SOURCE,TST-1119,EXACT_STRING(partId==sku),MATCHED,Drip Tray - HD,Drip Tray - HD,MATCH,EACH,ea,EACH,MATCH,
TST-1120,NOT_EXPOSED_IN_SOURCE,TST-1120,EXACT_STRING(partId==sku),MATCHED,Lubricant Tube 4oz - Pro Series,Lubricant Tube 4oz - Pro Series,MATCH,TUBE,tube,TUBE,MATCH,
TST-1121,NOT_EXPOSED_IN_SOURCE,TST-1121,EXACT_STRING(partId==sku),MATCHED,Condenser Fan Motor - Countertop,Condenser Fan Motor - Countertop,MATCH,EACH,ea,EACH,MATCH,
TST-1122,NOT_EXPOSED_IN_SOURCE,TST-1122,EXACT_STRING(partId==sku),MATCHED,Beater Assembly - Twin Twist,Beater Assembly - Twin Twist,MATCH,EACH,ea,EACH,MATCH,
TST-1123,NOT_EXPOSED_IN_SOURCE,TST-1123,EXACT_STRING(partId==sku),MATCHED,Control Board,Control Board,MATCH,EACH,ea,EACH,MATCH,
TST-1124,NOT_EXPOSED_IN_SOURCE,TST-1124,EXACT_STRING(partId==sku),MATCHED,Beater Assembly - Single Flavor,Beater Assembly - Single Flavor,MATCH,EACH,ea,EACH,MATCH,
TST-1125,NOT_EXPOSED_IN_SOURCE,TST-1125,EXACT_STRING(partId==sku),MATCHED,Syrup Pump - 3 Ton,Syrup Pump - 3 Ton,MATCH,EACH,ea,EACH,MATCH,
TST-1126,NOT_EXPOSED_IN_SOURCE,TST-1126,EXACT_STRING(partId==sku),MATCHED,Control Board - HD,Control Board - HD,MATCH,EACH,ea,EACH,MATCH,
TST-1127,NOT_EXPOSED_IN_SOURCE,TST-1127,EXACT_STRING(partId==sku),MATCHED,Tune-Up Kit — Deluxe - HD,Tune-Up Kit — Deluxe - HD,MATCH,KIT,kit,KIT,MATCH,
TST-1128,NOT_EXPOSED_IN_SOURCE,TST-1128,EXACT_STRING(partId==sku),MATCHED,Brush Kit — Large - Countertop,Brush Kit — Large - Countertop,MATCH,KIT,kit,KIT,MATCH,
TST-1129,NOT_EXPOSED_IN_SOURCE,TST-1129,EXACT_STRING(partId==sku),MATCHED,Thermistor Sensor - Pro Series,Thermistor Sensor - Pro Series,MATCH,EACH,ea,EACH,MATCH,
TST-1130,NOT_EXPOSED_IN_SOURCE,TST-1130,EXACT_STRING(partId==sku),MATCHED,Drip Tray - Countertop,Drip Tray - Countertop,MATCH,EACH,ea,EACH,MATCH,
TST-1131,NOT_EXPOSED_IN_SOURCE,TST-1131,EXACT_STRING(partId==sku),MATCHED,Drive Belt - Twin Twist,Drive Belt - Twin Twist,MATCH,EACH,ea,EACH,MATCH,
TST-1132,NOT_EXPOSED_IN_SOURCE,TST-1132,EXACT_STRING(partId==sku),MATCHED,Splash Panel - 3 Ton,Splash Panel - 3 Ton,MATCH,EACH,ea,EACH,MATCH,
TST-1133,NOT_EXPOSED_IN_SOURCE,TST-1133,EXACT_STRING(partId==sku),MATCHED,Scraper Blade - Compact,Scraper Blade - Compact,MATCH,EACH,ea,EACH,MATCH,
TST-1134,NOT_EXPOSED_IN_SOURCE,TST-1134,EXACT_STRING(partId==sku),MATCHED,Cleaning Cartridge - HD,Cleaning Cartridge - HD,MATCH,EACH,ea,EACH,MATCH,
TST-1135,NOT_EXPOSED_IN_SOURCE,TST-1135,EXACT_STRING(partId==sku),MATCHED,Sanitizer Solution 32oz - Twin Twist,Sanitizer Solution 32oz - Twin Twist,MATCH,BOTTLE,bottle,BOTTLE,MATCH,
TST-1137,NOT_EXPOSED_IN_SOURCE,TST-1137,EXACT_STRING(partId==sku),MATCHED,Hopper Agitator - 3 Ton,Hopper Agitator - 3 Ton,MATCH,EACH,ea,EACH,MATCH,
TST-1138,NOT_EXPOSED_IN_SOURCE,TST-1138,EXACT_STRING(partId==sku),MATCHED,Hex Coupler - Twin Twist,Hex Coupler - Twin Twist,MATCH,EACH,ea,EACH,MATCH,
TST-1139,NOT_EXPOSED_IN_SOURCE,TST-1139,EXACT_STRING(partId==sku),MATCHED,Front Panel Assembly - Single Flavor,Front Panel Assembly - Single Flavor,MATCH,EACH,ea,EACH,MATCH,
TST-1140,NOT_EXPOSED_IN_SOURCE,TST-1140,EXACT_STRING(partId==sku),MATCHED,Drive Motor 1/4 HP - 3 Ton,Drive Motor 1/4 HP - 3 Ton,MATCH,EACH,ea,EACH,MATCH,
TST-1141,NOT_EXPOSED_IN_SOURCE,TST-1141,EXACT_STRING(partId==sku),MATCHED,Draw Handle - Countertop,Draw Handle - Countertop,MATCH,EACH,ea,EACH,MATCH,
TST-1142,NOT_EXPOSED_IN_SOURCE,TST-1142,EXACT_STRING(partId==sku),MATCHED,Drive Motor 1/2 HP - HD,Drive Motor 1/2 HP - HD,MATCH,EACH,ea,EACH,MATCH,
TST-1144,NOT_EXPOSED_IN_SOURCE,TST-1144,EXACT_STRING(partId==sku),MATCHED,Freezer Cylinder - Gen II,Freezer Cylinder - Gen II,MATCH,EACH,ea,EACH,MATCH,
TST-1145,NOT_EXPOSED_IN_SOURCE,TST-1145,EXACT_STRING(partId==sku),MATCHED,Mix Pump Assembly - Twin Twist,Mix Pump Assembly - Twin Twist,MATCH,EACH,ea,EACH,MATCH,
TST-1146,NOT_EXPOSED_IN_SOURCE,TST-1146,EXACT_STRING(partId==sku),MATCHED,Drive Belt - HD,Drive Belt - HD,MATCH,EACH,ea,EACH,MATCH,
TST-1147,NOT_EXPOSED_IN_SOURCE,TST-1147,EXACT_STRING(partId==sku),MATCHED,Hopper Agitator - Twin Twist,Hopper Agitator - Twin Twist,MATCH,EACH,ea,EACH,MATCH,
TST-1148,NOT_EXPOSED_IN_SOURCE,TST-1148,EXACT_STRING(partId==sku),MATCHED,Cleaning Cartridge - Gen II,Cleaning Cartridge - Gen II,MATCH,EACH,ea,EACH,MATCH,
TST-1149,NOT_EXPOSED_IN_SOURCE,TST-1149,EXACT_STRING(partId==sku),MATCHED,Mix Pump Assembly - Floor Model,Mix Pump Assembly - Floor Model,MATCH,EACH,ea,EACH,MATCH,
TST-1150,NOT_EXPOSED_IN_SOURCE,TST-1150,EXACT_STRING(partId==sku),MATCHED,Door Gasket - Pro Series,Door Gasket - Pro Series,MATCH,EACH,ea,EACH,MATCH,
TST-1151,NOT_EXPOSED_IN_SOURCE,TST-1151,EXACT_STRING(partId==sku),MATCHED,Drive Belt - 3 Ton,Drive Belt - 3 Ton,MATCH,EACH,ea,EACH,MATCH,
TST-1152,NOT_EXPOSED_IN_SOURCE,TST-1152,EXACT_STRING(partId==sku),MATCHED,Power Supply Board,Power Supply Board,MATCH,EACH,ea,EACH,MATCH,
TST-1153,NOT_EXPOSED_IN_SOURCE,TST-1153,EXACT_STRING(partId==sku),MATCHED,Tune-Up Kit — Standard - Gen II,Tune-Up Kit — Standard - Gen II,MATCH,KIT,kit,KIT,MATCH,
TST-1154,NOT_EXPOSED_IN_SOURCE,TST-1154,EXACT_STRING(partId==sku),MATCHED,Auger Shaft - Pro Series,Auger Shaft - Pro Series,MATCH,EACH,ea,EACH,MATCH,
TST-1155,NOT_EXPOSED_IN_SOURCE,TST-1155,EXACT_STRING(partId==sku),MATCHED,Brush Kit — Small - Twin Twist,Brush Kit — Small - Twin Twist,MATCH,KIT,kit,KIT,MATCH,
TST-1156,NOT_EXPOSED_IN_SOURCE,TST-1156,EXACT_STRING(partId==sku),MATCHED,Scraper Blade - HD,Scraper Blade - HD,MATCH,EACH,ea,EACH,MATCH,
TST-1157,NOT_EXPOSED_IN_SOURCE,TST-1157,EXACT_STRING(partId==sku),MATCHED,Drip Tray - Floor Model,Drip Tray - Floor Model,MATCH,EACH,ea,EACH,MATCH,
TST-1158,NOT_EXPOSED_IN_SOURCE,TST-1158,EXACT_STRING(partId==sku),MATCHED,Splash Panel - Countertop,Splash Panel - Countertop,MATCH,EACH,ea,EACH,MATCH,
TST-1159,NOT_EXPOSED_IN_SOURCE,TST-1159,EXACT_STRING(partId==sku),MATCHED,Evaporator Barrel - Gen II,Evaporator Barrel - Gen II,MATCH,EACH,ea,EACH,MATCH,
TST-1160,NOT_EXPOSED_IN_SOURCE,TST-1160,EXACT_STRING(partId==sku),MATCHED,Blade Assembly Kit - Gen II,Blade Assembly Kit - Gen II,MATCH,KIT,kit,KIT,MATCH,
TST-1161,NOT_EXPOSED_IN_SOURCE,TST-1161,EXACT_STRING(partId==sku),MATCHED,Brush Kit — Large - HD,Brush Kit — Large - HD,MATCH,KIT,kit,KIT,MATCH,
TST-1162,NOT_EXPOSED_IN_SOURCE,TST-1162,EXACT_STRING(partId==sku),MATCHED,Cleaning Cartridge - Countertop,Cleaning Cartridge - Countertop,MATCH,EACH,ea,EACH,MATCH,
TST-1163,NOT_EXPOSED_IN_SOURCE,TST-1163,EXACT_STRING(partId==sku),MATCHED,Drive Belt,Drive Belt,MATCH,EACH,ea,EACH,MATCH,
TST-1164,NOT_EXPOSED_IN_SOURCE,TST-1164,EXACT_STRING(partId==sku),MATCHED,Control Board - Floor Model,Control Board - Floor Model,MATCH,EACH,ea,EACH,MATCH,
TST-1165,NOT_EXPOSED_IN_SOURCE,TST-1165,EXACT_STRING(partId==sku),MATCHED,Mix Pump Tube - Compact,Mix Pump Tube - Compact,MATCH,EACH,ea,EACH,MATCH,
TST-1166,NOT_EXPOSED_IN_SOURCE,TST-1166,EXACT_STRING(partId==sku),MATCHED,Wiring Harness - 3 Ton,Wiring Harness - 3 Ton,MATCH,EACH,ea,EACH,MATCH,
TST-1167,NOT_EXPOSED_IN_SOURCE,TST-1167,EXACT_STRING(partId==sku),MATCHED,Sanitizer Solution 32oz - Floor Model,Sanitizer Solution 32oz - Floor Model,MATCH,BOTTLE,bottle,BOTTLE,MATCH,
TST-1168,NOT_EXPOSED_IN_SOURCE,TST-1168,EXACT_STRING(partId==sku),MATCHED,Hex Coupler - HD,Hex Coupler - HD,MATCH,EACH,ea,EACH,MATCH,
TST-1169,NOT_EXPOSED_IN_SOURCE,TST-1169,EXACT_STRING(partId==sku),MATCHED,Mix Pump Tube - 3 Ton,Mix Pump Tube - 3 Ton,MATCH,EACH,ea,EACH,MATCH,
TST-1170,NOT_EXPOSED_IN_SOURCE,TST-1170,EXACT_STRING(partId==sku),MATCHED,Power Supply Board - Pro Series,Power Supply Board - Pro Series,MATCH,EACH,ea,EACH,MATCH,
TST-1171,NOT_EXPOSED_IN_SOURCE,TST-1171,EXACT_STRING(partId==sku),MATCHED,Door Gasket - Countertop,Door Gasket - Countertop,MATCH,EACH,ea,EACH,MATCH,
TST-1172,NOT_EXPOSED_IN_SOURCE,TST-1172,EXACT_STRING(partId==sku),MATCHED,Drive Motor 1/4 HP - Gen II,Drive Motor 1/4 HP - Gen II,MATCH,EACH,ea,EACH,MATCH,
TST-1173,NOT_EXPOSED_IN_SOURCE,TST-1173,EXACT_STRING(partId==sku),MATCHED,Mix Pump Tube - Single Flavor,Mix Pump Tube - Single Flavor,MATCH,EACH,ea,EACH,MATCH,
TST-1174,NOT_EXPOSED_IN_SOURCE,TST-1174,EXACT_STRING(partId==sku),MATCHED,Air Valve Assembly,Air Valve Assembly,MATCH,EACH,ea,EACH,MATCH,
TST-1176,NOT_EXPOSED_IN_SOURCE,TST-1176,EXACT_STRING(partId==sku),MATCHED,Wiring Harness - Single Flavor,Wiring Harness - Single Flavor,MATCH,EACH,ea,EACH,MATCH,
TST-1177,NOT_EXPOSED_IN_SOURCE,TST-1177,EXACT_STRING(partId==sku),MATCHED,Sanitizer Solution 32oz - Single Flavor,Sanitizer Solution 32oz - Single Flavor,MATCH,BOTTLE,bottle,BOTTLE,MATCH,
TST-1178,NOT_EXPOSED_IN_SOURCE,TST-1178,EXACT_STRING(partId==sku),MATCHED,Drive Motor 1/2 HP - Pro Series,Drive Motor 1/2 HP - Pro Series,MATCH,EACH,ea,EACH,MATCH,
TST-1179,NOT_EXPOSED_IN_SOURCE,TST-1179,EXACT_STRING(partId==sku),MATCHED,Compressor 1 HP - 3 Ton,Compressor 1 HP - 3 Ton,MATCH,EACH,ea,EACH,MATCH,
TST-1180,NOT_EXPOSED_IN_SOURCE,TST-1180,EXACT_STRING(partId==sku),MATCHED,Evaporator Barrel - Pro Series,Evaporator Barrel - Pro Series,MATCH,EACH,ea,EACH,MATCH,
TST-1181,NOT_EXPOSED_IN_SOURCE,TST-1181,EXACT_STRING(partId==sku),MATCHED,Hex Coupler - 3 Ton,Hex Coupler - 3 Ton,MATCH,EACH,ea,EACH,MATCH,
TST-1182,NOT_EXPOSED_IN_SOURCE,TST-1182,EXACT_STRING(partId==sku),MATCHED,Drip Tray - Compact,Drip Tray - Compact,MATCH,EACH,ea,EACH,MATCH,
TST-1183,NOT_EXPOSED_IN_SOURCE,TST-1183,EXACT_STRING(partId==sku),MATCHED,Relay Switch - HD,Relay Switch - HD,MATCH,EACH,ea,EACH,MATCH,
TST-1184,NOT_EXPOSED_IN_SOURCE,TST-1184,EXACT_STRING(partId==sku),MATCHED,Beater Assembly - 3 Ton,Beater Assembly - 3 Ton,MATCH,EACH,ea,EACH,MATCH,
TST-1185,NOT_EXPOSED_IN_SOURCE,TST-1185,EXACT_STRING(partId==sku),MATCHED,Mix Pump Assembly - Pro Series,Mix Pump Assembly - Pro Series,MATCH,EACH,ea,EACH,MATCH,
TST-1186,NOT_EXPOSED_IN_SOURCE,TST-1186,EXACT_STRING(partId==sku),MATCHED,Syrup Pump - HD,Syrup Pump - HD,MATCH,EACH,ea,EACH,MATCH,
TST-1187,NOT_EXPOSED_IN_SOURCE,TST-1187,EXACT_STRING(partId==sku),MATCHED,Power Supply Board - Gen II,Power Supply Board - Gen II,MATCH,EACH,ea,EACH,MATCH,
TST-1188,NOT_EXPOSED_IN_SOURCE,TST-1188,EXACT_STRING(partId==sku),MATCHED,Auger Shaft - 3 Ton,Auger Shaft - 3 Ton,MATCH,EACH,ea,EACH,MATCH,
TST-1190,NOT_EXPOSED_IN_SOURCE,TST-1190,EXACT_STRING(partId==sku),MATCHED,Syrup Pump,Syrup Pump,MATCH,EACH,ea,EACH,MATCH,
TST-1191,NOT_EXPOSED_IN_SOURCE,TST-1191,EXACT_STRING(partId==sku),MATCHED,Lubricant Tube 4oz - Compact,Lubricant Tube 4oz - Compact,MATCH,TUBE,tube,TUBE,MATCH,
TST-1192,NOT_EXPOSED_IN_SOURCE,TST-1192,EXACT_STRING(partId==sku),MATCHED,Blade Assembly Kit - Pro Series,Blade Assembly Kit - Pro Series,MATCH,KIT,kit,KIT,MATCH,
TST-1194,NOT_EXPOSED_IN_SOURCE,TST-1194,EXACT_STRING(partId==sku),MATCHED,Scraper Blade - Twin Twist,Scraper Blade - Twin Twist,MATCH,EACH,ea,EACH,MATCH,
TST-1195,NOT_EXPOSED_IN_SOURCE,TST-1195,EXACT_STRING(partId==sku),MATCHED,Auger Shaft - Compact,Auger Shaft - Compact,MATCH,EACH,ea,EACH,MATCH,
TST-1196,NOT_EXPOSED_IN_SOURCE,TST-1196,EXACT_STRING(partId==sku),MATCHED,Mix Pump Tube - Countertop,Mix Pump Tube - Countertop,MATCH,EACH,ea,EACH,MATCH,
TST-1197,NOT_EXPOSED_IN_SOURCE,TST-1197,EXACT_STRING(partId==sku),MATCHED,O-Ring Kit - Twin Twist,O-Ring Kit - Twin Twist,MATCH,KIT,kit,KIT,MATCH,
TST-1198,NOT_EXPOSED_IN_SOURCE,TST-1198,EXACT_STRING(partId==sku),MATCHED,Hopper Agitator - Countertop,Hopper Agitator - Countertop,MATCH,EACH,ea,EACH,MATCH,
TST-1199,NOT_EXPOSED_IN_SOURCE,TST-1199,EXACT_STRING(partId==sku),MATCHED,Brush Kit — Small - HD,Brush Kit — Small - HD,MATCH,KIT,kit,KIT,MATCH,
TST-1200,NOT_EXPOSED_IN_SOURCE,TST-1200,EXACT_STRING(partId==sku),MATCHED,Brush Kit — Large,Brush Kit — Large,MATCH,KIT,kit,KIT,MATCH,
